slug	priority	page_type	claim_sensitive	url	status	final_url	status_ok	final_url_ok	canonical	canonical_ok	schema_script_count	schema_parse_errors	schema_types_found	missing_schema_types	schema_entity_issues	ferdie_found	lead_tester_found	lab_link_found	methodology_link_found	faq_found	affiliate_disclosure_required	affiliate_disclosure_found	medical_limit_required	medical_limit_found	forbidden_public_markers	risky_claim_patterns_found	overall_pass
4th-july-mattress-sales	P2	sales	no	https://simplyrest.com/4th-july-mattress-sales/	200	https://simplyrest.com/4th-july-mattress-sales/	yes	yes	https://simplyrest.com/4th-july-mattress-sales/	yes	0	0		Article; FAQPage; BreadcrumbList; Person; Organization	no parseable JSON-LD schema	no	no	no	no	yes	yes	no	no	no			no
adjustable-bed-mattress	P3	guide	no	https://simplyrest.com/adjustable-bed-mattress/	200	https://simplyrest.com/adjustable-bed-mattress/	yes	yes	https://simplyrest.com/adjustable-bed-mattress/	yes	0	0		Article; FAQPage; BreadcrumbList; Person; Organization	no parseable JSON-LD schema	no	no	no	no	no	yes	no	no	no			no
alternative-mattress-reviews	P0	guide	no	https://simplyrest.com/alternative-mattress-reviews/	200	https://simplyrest.com/alternative-mattress-reviews/	yes	yes	https://simplyrest.com/alternative-mattress-reviews/	yes	0	0		Article; FAQPage; BreadcrumbList; Person; Organization	no parseable JSON-LD schema	no	no	no	no	no	yes	no	no	no			no
bedding	P3	guide	no	https://simplyrest.com/bedding/	200	https://simplyrest.com/bedding/	yes	yes	https://simplyrest.com/bedding/	yes	0	0		Article; FAQPage; BreadcrumbList; Person; Organization	no parseable JSON-LD schema	no	no	no	no	no	no	no	no	no			no
bedding-buying-guide	P3	guide	no	https://simplyrest.com/bedding-buying-guide/	200	https://simplyrest.com/bedding-buying-guide/	yes	yes	https://simplyrest.com/bedding-buying-guide/	yes	0	0		Article; FAQPage; BreadcrumbList; Person; Organization	no parseable JSON-LD schema	no	no	no	no	no	no	no	no	no			no
best-adjustable-beds	P1	best-of	no	https://simplyrest.com/best-adjustable-beds/	200	https://simplyrest.com/best-adjustable-beds/	yes	yes	https://simplyrest.com/best-adjustable-beds/	yes	0	0		Article; FAQPage; BreadcrumbList; Person; Organization	no parseable JSON-LD schema	no	no	no	no	no	yes	no	no	no			no
best-air-mattress	P1	best-of	no	https://simplyrest.com/best-air-mattress/	200	https://simplyrest.com/best-air-mattress/	yes	yes	https://simplyrest.com/best-air-mattress/	yes	0	0		Article; FAQPage; BreadcrumbList; Person; Organization	no parseable JSON-LD schema	no	no	no	no	no	yes	no	no	no			no
best-bed-in-a-box-mattress-brands	P1	best-of	no	https://simplyrest.com/best-bed-in-a-box-mattress-brands/	200	https://simplyrest.com/best-bed-in-a-box-mattress-brands/	yes	yes	https://simplyrest.com/best-bed-in-a-box-mattress-brands/	yes	0	0		Article; FAQPage; BreadcrumbList; Person; Organization	no parseable JSON-LD schema	no	no	no	no	no	yes	no	no	no			no
best-california-king-size-mattress	P1	best-of	no	https://simplyrest.com/best-california-king-size-mattress/	200	https://simplyrest.com/best-california-king-size-mattress/	yes	yes	https://simplyrest.com/best-california-king-size-mattress/	yes	0	0		Article; FAQPage; BreadcrumbList; Person; Organization	no parseable JSON-LD schema	no	no	no	no	yes	yes	no	no	no			no
best-cooling-mattress-for-hot-sleepers	P1	best-of	no	https://simplyrest.com/best-cooling-mattress-for-hot-sleepers/	200	https://simplyrest.com/best-cooling-mattress-for-hot-sleepers/	yes	yes	https://simplyrest.com/best-cooling-mattress-for-hot-sleepers/	yes	0	0		Article; FAQPage; BreadcrumbList; Person; Organization	no parseable JSON-LD schema	no	no	no	no	no	yes	no	no	no			no
best-eco-friendly-mattress	P1	best-of	no	https://simplyrest.com/best-eco-friendly-mattress/	200	https://simplyrest.com/best-eco-friendly-mattress/	yes	yes	https://simplyrest.com/best-eco-friendly-mattress/	yes	0	0		Article; FAQPage; BreadcrumbList; Person; Organization	no parseable JSON-LD schema	no	no	no	no	yes	yes	no	no	no			no
best-firm-mattress	P1	best-of	no	https://simplyrest.com/best-firm-mattress/	200	https://simplyrest.com/best-firm-mattress/	yes	yes	https://simplyrest.com/best-firm-mattress/	yes	0	0		Article; FAQPage; BreadcrumbList; Person; Organization	no parseable JSON-LD schema	no	no	no	no	no	yes	no	no	no			no
best-foundation-for-memory-foam-mattress	P1	best-of	no	https://simplyrest.com/best-foundation-for-memory-foam-mattress/	200	https://simplyrest.com/best-foundation-for-memory-foam-mattress/	yes	yes	https://simplyrest.com/best-foundation-for-memory-foam-mattress/	yes	0	0		Article; FAQPage; BreadcrumbList; Person; Organization	no parseable JSON-LD schema	no	no	no	no	no	yes	no	no	no			no
best-full-size-mattress	P1	best-of	no	https://simplyrest.com/best-full-size-mattress/	200	https://simplyrest.com/best-full-size-mattress/	yes	yes	https://simplyrest.com/best-full-size-mattress/	yes	0	0		Article; FAQPage; BreadcrumbList; Person; Organization	no parseable JSON-LD schema	no	no	no	no	yes	yes	no	no	no			no
best-hybrid-mattress	P1	best-of	no	https://simplyrest.com/best-hybrid-mattress/	200	https://simplyrest.com/best-hybrid-mattress/	yes	yes	https://simplyrest.com/best-hybrid-mattress/	yes	0	0		Article; FAQPage; BreadcrumbList; Person; Organization	no parseable JSON-LD schema	no	no	no	no	no	yes	no	no	no			no
best-hybrid-mattress-for-side-sleepers	P1	best-of	no	https://simplyrest.com/best-hybrid-mattress-for-side-sleepers/	200	https://simplyrest.com/best-hybrid-mattress-for-side-sleepers/	yes	yes	https://simplyrest.com/best-hybrid-mattress-for-side-sleepers/	yes	0	0		Article; FAQPage; BreadcrumbList; Person; Organization	no parseable JSON-LD schema	no	no	no	no	no	yes	no	no	no			no
best-innerspring-mattress	P1	best-of	no	https://simplyrest.com/best-innerspring-mattress/	200	https://simplyrest.com/best-innerspring-mattress/	yes	yes	https://simplyrest.com/best-innerspring-mattress/	yes	0	0		Article; FAQPage; BreadcrumbList; Person; Organization	no parseable JSON-LD schema	no	no	no	no	yes	yes	no	no	no			no
best-latex-mattress	P1	best-of	no	https://simplyrest.com/best-latex-mattress/	200	https://simplyrest.com/best-latex-mattress/	yes	yes	https://simplyrest.com/best-latex-mattress/	yes	0	0		Article; FAQPage; BreadcrumbList; Person; Organization	no parseable JSON-LD schema	no	no	no	no	no	yes	no	no	no			no
best-mattress	P0	best-of	no	https://simplyrest.com/best-mattress/	200	https://simplyrest.com/best-mattress/	yes	yes	https://simplyrest.com/best-mattress/	yes	0	0		Article; FAQPage; BreadcrumbList; Person; Organization	no parseable JSON-LD schema	no	no	no	no	no	yes	no	no	no			no
best-mattress-for-acid-reflux	P1-claim-sensitive	best-of	yes	https://simplyrest.com/best-mattress-for-acid-reflux/	200	https://simplyrest.com/best-mattress-for-acid-reflux/	yes	yes	https://simplyrest.com/best-mattress-for-acid-reflux/	yes	0	0		Article; FAQPage; BreadcrumbList; Person; Organization	no parseable JSON-LD schema	no	no	no	no	no	yes	no	yes	no		\bcorrect(?:s|ed|ing)?\s+spinal alignment\b	no
best-mattress-for-back-pain	P1-claim-sensitive	best-of	yes	https://simplyrest.com/best-mattress-for-back-pain/	200	https://simplyrest.com/best-mattress-for-back-pain/	yes	yes	https://simplyrest.com/best-mattress-for-back-pain/	yes	0	0		Article; FAQPage; BreadcrumbList; Person; Organization	no parseable JSON-LD schema	no	no	no	no	no	yes	no	yes	no		\bcure(?:s|d)?\b	no
best-mattress-for-back-sleepers	P1	best-of	no	https://simplyrest.com/best-mattress-for-back-sleepers/	200	https://simplyrest.com/best-mattress-for-back-sleepers/	yes	yes	https://simplyrest.com/best-mattress-for-back-sleepers/	yes	0	0		Article; FAQPage; BreadcrumbList; Person; Organization	no parseable JSON-LD schema	no	no	no	no	no	yes	no	no	no			no
best-mattress-for-combination-sleepers	P1	best-of	no	https://simplyrest.com/best-mattress-for-combination-sleepers/	200	https://simplyrest.com/best-mattress-for-combination-sleepers/	yes	yes	https://simplyrest.com/best-mattress-for-combination-sleepers/	yes	0	0		Article; FAQPage; BreadcrumbList; Person; Organization	no parseable JSON-LD schema	no	no	no	no	no	yes	no	no	no			no
best-mattress-for-couples	P1	best-of	no	https://simplyrest.com/best-mattress-for-couples/	200	https://simplyrest.com/best-mattress-for-couples/	yes	yes	https://simplyrest.com/best-mattress-for-couples/	yes	0	0		Article; FAQPage; BreadcrumbList; Person; Organization	no parseable JSON-LD schema	no	no	no	no	yes	yes	no	no	no			no
best-mattress-for-guest-room	P1	best-of	no	https://simplyrest.com/best-mattress-for-guest-room/	200	https://simplyrest.com/best-mattress-for-guest-room/	yes	yes	https://simplyrest.com/best-mattress-for-guest-room/	yes	0	0		Article; FAQPage; BreadcrumbList; Person; Organization	no parseable JSON-LD schema	no	no	no	no	no	yes	no	no	no			no
best-mattress-for-hip-pain	P1-claim-sensitive	best-of	yes	https://simplyrest.com/best-mattress-for-hip-pain/	200	https://simplyrest.com/best-mattress-for-hip-pain/	yes	yes	https://simplyrest.com/best-mattress-for-hip-pain/	yes	0	0		Article; FAQPage; BreadcrumbList; Person; Organization	no parseable JSON-LD schema	no	no	no	no	no	yes	no	yes	no			no
best-mattress-for-kids	P1	best-of	no	https://simplyrest.com/best-mattress-for-kids/	200	https://simplyrest.com/best-mattress-for-kids/	yes	yes	https://simplyrest.com/best-mattress-for-kids/	yes	0	0		Article; FAQPage; BreadcrumbList; Person; Organization	no parseable JSON-LD schema	no	no	no	no	no	yes	no	no	no			no
best-mattress-for-restless-sleepers	P1-claim-sensitive	best-of	yes	https://simplyrest.com/best-mattress-for-restless-sleepers/	200	https://simplyrest.com/best-mattress-for-restless-sleepers/	yes	yes	https://simplyrest.com/best-mattress-for-restless-sleepers/	yes	0	0		Article; FAQPage; BreadcrumbList; Person; Organization	no parseable JSON-LD schema	no	no	no	no	no	yes	no	yes	no			no
best-mattress-for-snoring	P1-claim-sensitive	best-of	yes	https://simplyrest.com/best-mattress-for-snoring/	200	https://simplyrest.com/best-mattress-for-snoring/	yes	yes	https://simplyrest.com/best-mattress-for-snoring/	yes	0	0		Article; FAQPage; BreadcrumbList; Person; Organization	no parseable JSON-LD schema	no	no	no	no	no	yes	no	yes	no			no
best-mattress-for-stomach-sleepers	P1	best-of	no	https://simplyrest.com/best-mattress-for-stomach-sleepers/	200	https://simplyrest.com/best-mattress-for-stomach-sleepers/	yes	yes	https://simplyrest.com/best-mattress-for-stomach-sleepers/	yes	0	0		Article; FAQPage; BreadcrumbList; Person; Organization	no parseable JSON-LD schema	no	no	no	no	no	yes	no	no	no			no
best-mattress-for-summer-2020	P1	best-of	no	https://simplyrest.com/best-mattress-for-summer-2020/	200	https://simplyrest.com/best-mattress-for-summer-2020/	yes	yes	https://simplyrest.com/best-mattress-for-summer-2020/	yes	0	0		Article; FAQPage; BreadcrumbList; Person; Organization	no parseable JSON-LD schema	no	no	no	no	no	yes	no	no	no			no
best-mattress-for-teenagers	P1	best-of	no	https://simplyrest.com/best-mattress-for-teenagers/	200	https://simplyrest.com/best-mattress-for-teenagers/	yes	yes	https://simplyrest.com/best-mattress-for-teenagers/	yes	0	0		Article; FAQPage; BreadcrumbList; Person; Organization	no parseable JSON-LD schema	no	no	no	no	no	yes	no	no	no			no
best-mattress-for-the-money	P1	best-of	no	https://simplyrest.com/best-mattress-for-the-money/	200	https://simplyrest.com/best-mattress-for-the-money/	yes	yes	https://simplyrest.com/best-mattress-for-the-money/	yes	0	0		Article; FAQPage; BreadcrumbList; Person; Organization	no parseable JSON-LD schema	no	no	no	no	no	yes	no	no	no			no
best-mattress-in-gilbert-arizona	P2	local	no	https://simplyrest.com/best-mattress-in-gilbert-arizona/	200	https://simplyrest.com/best-mattress-in-gilbert-arizona/	yes	yes	https://simplyrest.com/best-mattress-in-gilbert-arizona/	yes	0	0		Article; FAQPage; BreadcrumbList; Person; Organization	no parseable JSON-LD schema	no	no	no	no	no	yes	no	no	no			no
best-mattress-side-sleepers	P1	best-of	no	https://simplyrest.com/best-mattress-side-sleepers/	200	https://simplyrest.com/best-mattress-side-sleepers/	yes	yes	https://simplyrest.com/best-mattress-side-sleepers/	yes	0	0		Article; FAQPage; BreadcrumbList; Person; Organization	no parseable JSON-LD schema	no	no	no	no	no	yes	no	no	no			no
best-mattress-store-denver-colorado	P2	local	no	https://simplyrest.com/best-mattress-store-denver-colorado/	200	https://simplyrest.com/best-mattress-store-denver-colorado/	yes	yes	https://simplyrest.com/best-mattress-store-denver-colorado/	yes	0	0		Article; FAQPage; BreadcrumbList; Person; Organization	no parseable JSON-LD schema	no	no	no	no	no	yes	no	no	no			no
best-mattress-store-fort-worth-texas	P2	local	no	https://simplyrest.com/best-mattress-store-fort-worth-texas/	200	https://simplyrest.com/best-mattress-store-fort-worth-texas/	yes	yes	https://simplyrest.com/best-mattress-store-fort-worth-texas/	yes	0	0		Article; FAQPage; BreadcrumbList; Person; Organization	no parseable JSON-LD schema	no	no	no	no	no	yes	no	no	no			no
best-mattress-store-in-austin-texas	P2	local	no	https://simplyrest.com/best-mattress-store-in-austin-texas/	200	https://simplyrest.com/best-mattress-store-in-austin-texas/	yes	yes	https://simplyrest.com/best-mattress-store-in-austin-texas/	yes	0	0		Article; FAQPage; BreadcrumbList; Person; Organization	no parseable JSON-LD schema	no	no	no	no	no	yes	no	no	no			no
best-mattress-store-in-dallas-texas	P2	local	no	https://simplyrest.com/best-mattress-store-in-dallas-texas/	200	https://simplyrest.com/best-mattress-store-in-dallas-texas/	yes	yes	https://simplyrest.com/best-mattress-store-in-dallas-texas/	yes	0	0		Article; FAQPage; BreadcrumbList; Person; Organization	no parseable JSON-LD schema	no	no	no	no	no	yes	no	no	no			no
best-mattress-store-in-friendswood-texas	P2	local	no	https://simplyrest.com/best-mattress-store-in-friendswood-texas/	200	https://simplyrest.com/best-mattress-store-in-friendswood-texas/	yes	yes	https://simplyrest.com/best-mattress-store-in-friendswood-texas/	yes	0	0		Article; FAQPage; BreadcrumbList; Person; Organization	no parseable JSON-LD schema	no	no	no	no	no	yes	no	no	no			no
best-mattress-store-in-glendale-arizona	P2	local	no	https://simplyrest.com/best-mattress-store-in-glendale-arizona/	200	https://simplyrest.com/best-mattress-store-in-glendale-arizona/	yes	yes	https://simplyrest.com/best-mattress-store-in-glendale-arizona/	yes	0	0		Article; FAQPage; BreadcrumbList; Person; Organization	no parseable JSON-LD schema	no	no	no	no	no	yes	no	no	no			no
best-mattress-store-in-houston-texas	P2	local	no	https://simplyrest.com/best-mattress-store-in-houston-texas/	200	https://simplyrest.com/best-mattress-store-in-houston-texas/	yes	yes	https://simplyrest.com/best-mattress-store-in-houston-texas/	yes	0	0		Article; FAQPage; BreadcrumbList; Person; Organization	no parseable JSON-LD schema	no	no	no	no	no	yes	no	no	no			no
best-mattress-store-in-katy-texas	P2	local	no	https://simplyrest.com/best-mattress-store-in-katy-texas/	200	https://simplyrest.com/best-mattress-store-in-katy-texas/	yes	yes	https://simplyrest.com/best-mattress-store-in-katy-texas/	yes	0	0		Article; FAQPage; BreadcrumbList; Person; Organization	no parseable JSON-LD schema	no	no	no	no	no	yes	no	no	no			no
best-mattress-store-in-littleton-colorado	P2	local	no	https://simplyrest.com/best-mattress-store-in-littleton-colorado/	200	https://simplyrest.com/best-mattress-store-in-littleton-colorado/	yes	yes	https://simplyrest.com/best-mattress-store-in-littleton-colorado/	yes	0	0		Article; FAQPage; BreadcrumbList; Person; Organization	no parseable JSON-LD schema	no	no	no	no	no	yes	no	no	no			no
best-mattress-store-in-mesa-arizona	P2	local	no	https://simplyrest.com/best-mattress-store-in-mesa-arizona/	200	https://simplyrest.com/best-mattress-store-in-mesa-arizona/	yes	yes	https://simplyrest.com/best-mattress-store-in-mesa-arizona/	yes	0	0		Article; FAQPage; BreadcrumbList; Person; Organization	no parseable JSON-LD schema	no	no	no	no	no	yes	no	no	no			no
best-mattress-store-in-phoenix-arizona	P2	local	no	https://simplyrest.com/best-mattress-store-in-phoenix-arizona/	200	https://simplyrest.com/best-mattress-store-in-phoenix-arizona/	yes	yes	https://simplyrest.com/best-mattress-store-in-phoenix-arizona/	yes	0	0		Article; FAQPage; BreadcrumbList; Person; Organization	no parseable JSON-LD schema	no	no	no	no	no	yes	no	no	no			no
best-mattress-store-in-portland-oregon	P2	local	no	https://simplyrest.com/best-mattress-store-in-portland-oregon/	200	https://simplyrest.com/best-mattress-store-in-portland-oregon/	yes	yes	https://simplyrest.com/best-mattress-store-in-portland-oregon/	yes	0	0		Article; FAQPage; BreadcrumbList; Person; Organization	no parseable JSON-LD schema	no	no	no	no	no	yes	no	no	no			no
best-mattress-store-in-tucson-arizona	P2	local	no	https://simplyrest.com/best-mattress-store-in-tucson-arizona/	200	https://simplyrest.com/best-mattress-store-in-tucson-arizona/	yes	yes	https://simplyrest.com/best-mattress-store-in-tucson-arizona/	yes	0	0		Article; FAQPage; BreadcrumbList; Person; Organization	no parseable JSON-LD schema	no	no	no	no	no	yes	no	no	no			no
best-mattress-store-lone-tree-colorado	P2	local	no	https://simplyrest.com/best-mattress-store-lone-tree-colorado/	200	https://simplyrest.com/best-mattress-store-lone-tree-colorado/	yes	yes	https://simplyrest.com/best-mattress-store-lone-tree-colorado/	yes	0	0		Article; FAQPage; BreadcrumbList; Person; Organization	no parseable JSON-LD schema	no	no	no	no	no	yes	no	no	no			no
best-mattresses-for-under-1000	P1	best-of	no	https://simplyrest.com/best-mattresses-for-under-1000/	200	https://simplyrest.com/best-mattresses-for-under-1000/	yes	yes	https://simplyrest.com/best-mattresses-for-under-1000/	yes	0	0		Article; FAQPage; BreadcrumbList; Person; Organization	no parseable JSON-LD schema	no	no	no	no	no	yes	no	no	no			no
best-memory-foam-mattress	P1	best-of	no	https://simplyrest.com/best-memory-foam-mattress/	200	https://simplyrest.com/best-memory-foam-mattress/	yes	yes	https://simplyrest.com/best-memory-foam-mattress/	yes	0	0		Article; FAQPage; BreadcrumbList; Person; Organization	no parseable JSON-LD schema	no	no	no	no	no	yes	no	no	no			no
best-memory-foam-mattress-for-side-sleepers	P1	best-of	no	https://simplyrest.com/best-memory-foam-mattress-for-side-sleepers/	200	https://simplyrest.com/best-memory-foam-mattress-for-side-sleepers/	yes	yes	https://simplyrest.com/best-memory-foam-mattress-for-side-sleepers/	yes	0	0		Article; FAQPage; BreadcrumbList; Person; Organization	no parseable JSON-LD schema	no	no	no	no	yes	yes	no	no	no			no
best-online-mattress	P0	best-of	no	https://simplyrest.com/best-online-mattress/	200	https://simplyrest.com/best-online-mattress/	yes	yes	https://simplyrest.com/best-online-mattress/	yes	0	0		Article; FAQPage; BreadcrumbList; Person; Organization	no parseable JSON-LD schema	no	no	no	no	no	yes	no	no	no			no
best-organic-mattress	P1	best-of	no	https://simplyrest.com/best-organic-mattress/	200	https://simplyrest.com/best-organic-mattress/	yes	yes	https://simplyrest.com/best-organic-mattress/	yes	0	0		Article; FAQPage; BreadcrumbList; Person; Organization	no parseable JSON-LD schema	no	no	no	no	no	yes	no	no	no			no
best-queen-mattress	P1	best-of	no	https://simplyrest.com/best-queen-mattress/	200	https://simplyrest.com/best-queen-mattress/	yes	yes	https://simplyrest.com/best-queen-mattress/	yes	0	0		Article; FAQPage; BreadcrumbList; Person; Organization	no parseable JSON-LD schema	no	no	no	no	no	yes	no	no	no			no
best-time-to-buy-a-mattress	P1	best-of	no	https://simplyrest.com/best-time-to-buy-a-mattress/	200	https://simplyrest.com/best-time-to-buy-a-mattress/	yes	yes	https://simplyrest.com/best-time-to-buy-a-mattress/	yes	0	0		Article; FAQPage; BreadcrumbList; Person; Organization	no parseable JSON-LD schema	no	no	no	no	no	yes	no	no	no			no
best-twin-mattress	P1	best-of	no	https://simplyrest.com/best-twin-mattress/	200	https://simplyrest.com/best-twin-mattress/	yes	yes	https://simplyrest.com/best-twin-mattress/	yes	0	0		Article; FAQPage; BreadcrumbList; Person; Organization	no parseable JSON-LD schema	no	no	no	no	yes	yes	no	no	no			no
best-twin-xl-size-mattress	P1	best-of	no	https://simplyrest.com/best-twin-xl-size-mattress/	200	https://simplyrest.com/best-twin-xl-size-mattress/	yes	yes	https://simplyrest.com/best-twin-xl-size-mattress/	yes	0	0		Article; FAQPage; BreadcrumbList; Person; Organization	no parseable JSON-LD schema	no	no	no	no	yes	yes	no	no	no			no
black-friday-mattress-sales	P2	sales	no	https://simplyrest.com/black-friday-mattress-sales/	200	https://simplyrest.com/black-friday-mattress-sales/	yes	yes	https://simplyrest.com/black-friday-mattress-sales/	yes	0	0		Article; FAQPage; BreadcrumbList; Person; Organization	no parseable JSON-LD schema	no	no	no	no	yes	yes	no	no	no			no
buying-bed-online	P3	guide	no	https://simplyrest.com/buying-bed-online/	200	https://simplyrest.com/buying-bed-online/	yes	yes	https://simplyrest.com/buying-bed-online/	yes	0	0		Article; FAQPage; BreadcrumbList; Person; Organization	no parseable JSON-LD schema	no	no	no	no	no	no	no	no	no			no
california-king-vs-full	P1	comparison	no	https://simplyrest.com/california-king-vs-full/	200	https://simplyrest.com/california-king-vs-full/	yes	yes	https://simplyrest.com/california-king-vs-full/	yes	0	0		Article; FAQPage; BreadcrumbList; Person; Organization	no parseable JSON-LD schema	no	no	no	no	no	yes	no	no	no			no
california-king-vs-twin-xl	P1	comparison	no	https://simplyrest.com/california-king-vs-twin-xl/	200	https://simplyrest.com/california-king-vs-twin-xl/	yes	yes	https://simplyrest.com/california-king-vs-twin-xl/	yes	0	0		Article; FAQPage; BreadcrumbList; Person; Organization	no parseable JSON-LD schema	no	no	no	no	no	yes	no	no	no			no
chronic-kidney-disease-and-sleep	P1-claim-sensitive	guide	yes	https://simplyrest.com/chronic-kidney-disease-and-sleep/	200	https://simplyrest.com/chronic-kidney-disease-and-sleep/	yes	yes	https://simplyrest.com/chronic-kidney-disease-and-sleep/	yes	0	0		Article; FAQPage; BreadcrumbList; Person; Organization	no parseable JSON-LD schema	no	no	no	no	no	no	no	yes	no		\bcure(?:s|d)?\b	no
contact	P3	guide	no	https://simplyrest.com/contact/	200	https://simplyrest.com/contact/	yes	yes	https://simplyrest.com/contact/	yes	0	0		Article; FAQPage; BreadcrumbList; Person; Organization	no parseable JSON-LD schema	no	no	no	no	no	no	no	no	no			no
cyber-monday-mattress-sales	P2	sales	no	https://simplyrest.com/cyber-monday-mattress-sales/	200	https://simplyrest.com/cyber-monday-mattress-sales/	yes	yes	https://simplyrest.com/cyber-monday-mattress-sales/	yes	0	0		Article; FAQPage; BreadcrumbList; Person; Organization	no parseable JSON-LD schema	no	no	no	no	yes	yes	no	no	no			no
disclosure	P3	guide	no	https://simplyrest.com/disclosure/	200	https://simplyrest.com/disclosure/	yes	yes	https://simplyrest.com/disclosure/	yes	0	0		Article; FAQPage; BreadcrumbList; Person; Organization	no parseable JSON-LD schema	no	no	no	no	no	no	yes	no	no			no
down-vs-down-alternative	P1	comparison	no	https://simplyrest.com/down-vs-down-alternative/	200	https://simplyrest.com/down-vs-down-alternative/	yes	yes	https://simplyrest.com/down-vs-down-alternative/	yes	0	0		Article; FAQPage; BreadcrumbList; Person; Organization	no parseable JSON-LD schema	no	no	no	no	yes	yes	no	no	no			no
full-vs-queen	P1	comparison	no	https://simplyrest.com/full-vs-queen/	200	https://simplyrest.com/full-vs-queen/	yes	yes	https://simplyrest.com/full-vs-queen/	yes	0	0		Article; FAQPage; BreadcrumbList; Person; Organization	no parseable JSON-LD schema	no	no	no	no	no	yes	no	no	no			no
gel-memory-foam-vs-memory-foam-whats-the-difference	P1	comparison	no	https://simplyrest.com/gel-memory-foam-vs-memory-foam-whats-the-difference/	200	https://simplyrest.com/gel-memory-foam-vs-memory-foam-whats-the-difference/	yes	yes	https://simplyrest.com/gel-memory-foam-vs-memory-foam-whats-the-difference/	yes	0	0		Article; FAQPage; BreadcrumbList; Person; Organization	no parseable JSON-LD schema	no	no	no	no	no	yes	no	no	no			no
guide-to-labor-day-mattress-deals	P2	sales	no	https://simplyrest.com/guide-to-labor-day-mattress-deals/	200	https://simplyrest.com/guide-to-labor-day-mattress-deals/	yes	yes	https://simplyrest.com/guide-to-labor-day-mattress-deals/	yes	0	0		Article; FAQPage; BreadcrumbList; Person; Organization	no parseable JSON-LD schema	no	no	no	no	yes	yes	no	no	no			no
home	P3	guide	no	https://simplyrest.com/	200	https://simplyrest.com/	yes	yes	https://simplyrest.com/	yes	0	0		Article; FAQPage; BreadcrumbList; Person; Organization	no parseable JSON-LD schema	no	no	no	no	no	no	no	no	no			no
how-long-does-a-mattress-last	P3	guide	no	https://simplyrest.com/how-long-does-a-mattress-last/	200	https://simplyrest.com/how-long-does-a-mattress-last/	yes	yes	https://simplyrest.com/how-long-does-a-mattress-last/	yes	0	0		Article; FAQPage; BreadcrumbList; Person; Organization	no parseable JSON-LD schema	no	no	no	no	no	yes	no	no	no			no
how-to-choose-the-best-memory-foam-mattress	P3	guide	no	https://simplyrest.com/how-to-choose-the-best-memory-foam-mattress/	200	https://simplyrest.com/how-to-choose-the-best-memory-foam-mattress/	yes	yes	https://simplyrest.com/how-to-choose-the-best-memory-foam-mattress/	yes	0	0		Article; FAQPage; BreadcrumbList; Person; Organization	no parseable JSON-LD schema	no	no	no	no	no	yes	no	no	no			no
how-to-clean-a-mattress	P3	guide	no	https://simplyrest.com/how-to-clean-a-mattress/	200	https://simplyrest.com/how-to-clean-a-mattress/	yes	yes	https://simplyrest.com/how-to-clean-a-mattress/	yes	0	0		Article; FAQPage; BreadcrumbList; Person; Organization	no parseable JSON-LD schema	no	no	no	no	no	yes	no	no	no			no
how-to-pick-the-right-memory-foam-mattress	P3	guide	no	https://simplyrest.com/how-to-pick-the-right-memory-foam-mattress/	200	https://simplyrest.com/how-to-pick-the-right-memory-foam-mattress/	yes	yes	https://simplyrest.com/how-to-pick-the-right-memory-foam-mattress/	yes	0	0		Article; FAQPage; BreadcrumbList; Person; Organization	no parseable JSON-LD schema	no	no	no	no	no	yes	no	no	no			no
improve-air-quality-increase-oxygen-bedroom	P1-claim-sensitive	guide	yes	https://simplyrest.com/improve-air-quality-increase-oxygen-bedroom/	200	https://simplyrest.com/improve-air-quality-increase-oxygen-bedroom/	yes	yes	https://simplyrest.com/improve-air-quality-increase-oxygen-bedroom/	yes	0	0		Article; FAQPage; BreadcrumbList; Person; Organization	no parseable JSON-LD schema	no	no	no	no	no	no	no	yes	no			no
improve-sleep-quality	P1-claim-sensitive	guide	yes	https://simplyrest.com/improve-sleep-quality/	200	https://simplyrest.com/improve-sleep-quality/	yes	yes	https://simplyrest.com/improve-sleep-quality/	yes	0	0		Article; FAQPage; BreadcrumbList; Person; Organization	no parseable JSON-LD schema	no	no	no	no	no	no	no	yes	no			no
is-an-adjustable-bed-right-for-you	P3	guide	no	https://simplyrest.com/is-an-adjustable-bed-right-for-you/	200	https://simplyrest.com/is-an-adjustable-bed-right-for-you/	yes	yes	https://simplyrest.com/is-an-adjustable-bed-right-for-you/	yes	0	0		Article; FAQPage; BreadcrumbList; Person; Organization	no parseable JSON-LD schema	no	no	no	no	no	no	no	no	no			no
jet-lag	P1-claim-sensitive	guide	yes	https://simplyrest.com/jet-lag/	200	https://simplyrest.com/jet-lag/	yes	yes	https://simplyrest.com/jet-lag/	yes	0	0		Article; FAQPage; BreadcrumbList; Person; Organization	no parseable JSON-LD schema	no	no	no	no	no	no	no	yes	no			no
just-before-bed	P3	guide	no	https://simplyrest.com/just-before-bed/	200	https://simplyrest.com/just-before-bed/	yes	yes	https://simplyrest.com/just-before-bed/	yes	0	0		Article; FAQPage; BreadcrumbList; Person; Organization	no parseable JSON-LD schema	no	no	no	no	no	no	no	no	no			no
king-vs-california-king	P1	comparison	no	https://simplyrest.com/king-vs-california-king/	200	https://simplyrest.com/king-vs-california-king/	yes	yes	https://simplyrest.com/king-vs-california-king/	yes	0	0		Article; FAQPage; BreadcrumbList; Person; Organization	no parseable JSON-LD schema	no	no	no	no	no	yes	no	no	no			no
king-vs-full	P1	comparison	no	https://simplyrest.com/king-vs-full/	200	https://simplyrest.com/king-vs-full/	yes	yes	https://simplyrest.com/king-vs-full/	yes	0	0		Article; FAQPage; BreadcrumbList; Person; Organization	no parseable JSON-LD schema	no	no	no	no	no	yes	no	no	no			no
king-vs-queen	P1	comparison	no	https://simplyrest.com/king-vs-queen/	200	https://simplyrest.com/king-vs-queen/	yes	yes	https://simplyrest.com/king-vs-queen/	yes	0	0		Article; FAQPage; BreadcrumbList; Person; Organization	no parseable JSON-LD schema	no	no	no	no	no	yes	no	no	no			no
king-vs-split-king	P1	comparison	no	https://simplyrest.com/king-vs-split-king/	200	https://simplyrest.com/king-vs-split-king/	yes	yes	https://simplyrest.com/king-vs-split-king/	yes	0	0		Article; FAQPage; BreadcrumbList; Person; Organization	no parseable JSON-LD schema	no	no	no	no	no	yes	no	no	no			no
latex-vs-innerspring-mattress	P1	comparison	no	https://simplyrest.com/latex-vs-innerspring-mattress/	200	https://simplyrest.com/latex-vs-innerspring-mattress/	yes	yes	https://simplyrest.com/latex-vs-innerspring-mattress/	yes	0	0		Article; FAQPage; BreadcrumbList; Person; Organization	no parseable JSON-LD schema	no	no	no	no	yes	yes	no	no	no			no
mattress-accessories	P3	guide	no	https://simplyrest.com/mattress-accessories/	200	https://simplyrest.com/mattress-accessories/	yes	yes	https://simplyrest.com/mattress-accessories/	yes	0	0		Article; FAQPage; BreadcrumbList; Person; Organization	no parseable JSON-LD schema	no	no	no	no	no	yes	no	no	no			no
mattress-comparison	P0	comparison	no	https://simplyrest.com/mattress-comparison/	200	https://simplyrest.com/mattress-comparison/	yes	yes	https://simplyrest.com/mattress-comparison/	yes	0	0		Article; FAQPage; BreadcrumbList; Person; Organization	no parseable JSON-LD schema	no	no	no	no	no	yes	no	no	no			no
mattress-foundation-sizes-guide	P3	guide	no	https://simplyrest.com/mattress-foundation-sizes-guide/	200	https://simplyrest.com/mattress-foundation-sizes-guide/	yes	yes	https://simplyrest.com/mattress-foundation-sizes-guide/	yes	0	0		Article; FAQPage; BreadcrumbList; Person; Organization	no parseable JSON-LD schema	no	no	no	no	yes	yes	no	no	no			no
mattress-guides	P3	guide	no	https://simplyrest.com/mattress-guides/	200	https://simplyrest.com/mattress-guides/	yes	yes	https://simplyrest.com/mattress-guides/	yes	0	0		Article; FAQPage; BreadcrumbList; Person; Organization	no parseable JSON-LD schema	no	no	no	no	no	yes	no	no	no			no
mattress-resources	P3	guide	no	https://simplyrest.com/mattress-resources/	200	https://simplyrest.com/mattress-resources/	yes	yes	https://simplyrest.com/mattress-resources/	yes	0	0		Article; FAQPage; BreadcrumbList; Person; Organization	no parseable JSON-LD schema	no	no	no	no	no	yes	no	no	no			no
mattress-reviews-finding-the-best-ones-online	P3	guide	no	https://simplyrest.com/mattress-reviews-finding-the-best-ones-online/	200	https://simplyrest.com/mattress-reviews-finding-the-best-ones-online/	yes	yes	https://simplyrest.com/mattress-reviews-finding-the-best-ones-online/	yes	0	0		Article; FAQPage; BreadcrumbList; Person; Organization	no parseable JSON-LD schema	no	no	no	no	no	yes	no	no	no			no
mattress-sales	P2	sales	no	https://simplyrest.com/mattress-sales/	200	https://simplyrest.com/mattress-sales/	yes	yes	https://simplyrest.com/mattress-sales/	yes	0	0		Article; FAQPage; BreadcrumbList; Person; Organization	no parseable JSON-LD schema	no	no	no	no	no	yes	no	no	no			no
mattress-sizes-and-dimensions	P3	guide	no	https://simplyrest.com/mattress-sizes-and-dimensions/	200	https://simplyrest.com/mattress-sizes-and-dimensions/	yes	yes	https://simplyrest.com/mattress-sizes-and-dimensions/	yes	0	0		Article; FAQPage; BreadcrumbList; Person; Organization	no parseable JSON-LD schema	no	no	no	no	yes	yes	no	no	no			no
mattress-stores	P2	local	no	https://simplyrest.com/mattress-stores/	200	https://simplyrest.com/mattress-stores/	yes	yes	https://simplyrest.com/mattress-stores/	yes	0	0		Article; FAQPage; BreadcrumbList; Person; Organization	no parseable JSON-LD schema	no	no	no	no	no	yes	no	no	no			no
mattress-too-soft-or-too-firm	P3	guide	no	https://simplyrest.com/mattress-too-soft-or-too-firm/	200	https://simplyrest.com/mattress-too-soft-or-too-firm/	yes	yes	https://simplyrest.com/mattress-too-soft-or-too-firm/	yes	0	0		Article; FAQPage; BreadcrumbList; Person; Organization	no parseable JSON-LD schema	no	no	no	no	no	yes	no	no	no			no
mattress-trends-2020	P3	guide	no	https://simplyrest.com/mattress-trends-2020/	200	https://simplyrest.com/mattress-trends-2020/	yes	yes	https://simplyrest.com/mattress-trends-2020/	yes	0	0		Article; FAQPage; BreadcrumbList; Person; Organization	no parseable JSON-LD schema	no	no	no	no	no	yes	no	no	no			no
mattress-types	P3	guide	no	https://simplyrest.com/mattress-types/	200	https://simplyrest.com/mattress-types/	yes	yes	https://simplyrest.com/mattress-types/	yes	0	0		Article; FAQPage; BreadcrumbList; Person; Organization	no parseable JSON-LD schema	no	no	no	no	no	yes	no	no	no		\bcure(?:s|d)?\b	no
memorial-day-mattress-sales-top-brands	P2	sales	no	https://simplyrest.com/memorial-day-mattress-sales-top-brands/	200	https://simplyrest.com/memorial-day-mattress-sales-top-brands/	yes	yes	https://simplyrest.com/memorial-day-mattress-sales-top-brands/	yes	0	0		Article; FAQPage; BreadcrumbList; Person; Organization	no parseable JSON-LD schema	no	no	no	no	yes	yes	no	no	no			no
memory-foam-vs-hybrid-mattress	P1	comparison	no	https://simplyrest.com/memory-foam-vs-hybrid-mattress/	200	https://simplyrest.com/memory-foam-vs-hybrid-mattress/	yes	yes	https://simplyrest.com/memory-foam-vs-hybrid-mattress/	yes	0	0		Article; FAQPage; BreadcrumbList; Person; Organization	no parseable JSON-LD schema	no	no	no	no	no	yes	no	no	no			no
memory-foam-vs-pillow-top	P1	comparison	no	https://simplyrest.com/memory-foam-vs-pillow-top/	200	https://simplyrest.com/memory-foam-vs-pillow-top/	yes	yes	https://simplyrest.com/memory-foam-vs-pillow-top/	yes	0	0		Article; FAQPage; BreadcrumbList; Person; Organization	no parseable JSON-LD schema	no	no	no	no	no	yes	no	no	no			no
memory-foam-vs-serene-foam	P1	comparison	no	https://simplyrest.com/memory-foam-vs-serene-foam/	200	https://simplyrest.com/memory-foam-vs-serene-foam/	yes	yes	https://simplyrest.com/memory-foam-vs-serene-foam/	yes	0	0		Article; FAQPage; BreadcrumbList; Person; Organization	no parseable JSON-LD schema	no	no	no	no	no	yes	no	no	no			no
memory-foam-vs-spring-mattress	P1	comparison	no	https://simplyrest.com/memory-foam-vs-spring-mattress/	200	https://simplyrest.com/memory-foam-vs-spring-mattress/	yes	yes	https://simplyrest.com/memory-foam-vs-spring-mattress/	yes	0	0		Article; FAQPage; BreadcrumbList; Person; Organization	no parseable JSON-LD schema	no	no	no	no	no	yes	no	no	no			no
natural-sleep-aids	P1-claim-sensitive	guide	yes	https://simplyrest.com/natural-sleep-aids/	200	https://simplyrest.com/natural-sleep-aids/	yes	yes	https://simplyrest.com/natural-sleep-aids/	yes	0	0		Article; FAQPage; BreadcrumbList; Person; Organization	no parseable JSON-LD schema	no	no	no	no	no	no	no	yes	no			no
organic-latex-mattresses-excel-in-support-and-pressure-relief	P3	guide	no	https://simplyrest.com/organic-latex-mattresses-excel-in-support-and-pressure-relief/	200	https://simplyrest.com/organic-latex-mattresses-excel-in-support-and-pressure-relief/	yes	yes	https://simplyrest.com/organic-latex-mattresses-excel-in-support-and-pressure-relief/	yes	0	0		Article; FAQPage; BreadcrumbList; Person; Organization	no parseable JSON-LD schema	no	no	no	no	no	yes	no	no	no			no
presidents-day-mattress-sale	P2	sales	no	https://simplyrest.com/presidents-day-mattress-sale/	200	https://simplyrest.com/presidents-day-mattress-sale/	yes	yes	https://simplyrest.com/presidents-day-mattress-sale/	yes	0	0		Article; FAQPage; BreadcrumbList; Person; Organization	no parseable JSON-LD schema	no	no	no	no	yes	yes	no	no	no			no
privacy	P3	guide	no	https://simplyrest.com/privacy/	200	https://simplyrest.com/privacy/	yes	yes	https://simplyrest.com/privacy/	yes	0	0		Article; FAQPage; BreadcrumbList; Person; Organization	no parseable JSON-LD schema	no	no	no	no	no	no	no	no	no			no
queen-vs-california-king	P1	comparison	no	https://simplyrest.com/queen-vs-california-king/	200	https://simplyrest.com/queen-vs-california-king/	yes	yes	https://simplyrest.com/queen-vs-california-king/	yes	0	0		Article; FAQPage; BreadcrumbList; Person; Organization	no parseable JSON-LD schema	no	no	no	no	no	yes	no	no	no			no
queen-vs-twin	P1	comparison	no	https://simplyrest.com/queen-vs-twin/	200	https://simplyrest.com/queen-vs-twin/	yes	yes	https://simplyrest.com/queen-vs-twin/	yes	0	0		Article; FAQPage; BreadcrumbList; Person; Organization	no parseable JSON-LD schema	no	no	no	no	no	yes	no	no	no			no
queen-vs-twin-xl	P1	comparison	no	https://simplyrest.com/queen-vs-twin-xl/	200	https://simplyrest.com/queen-vs-twin-xl/	yes	yes	https://simplyrest.com/queen-vs-twin-xl/	yes	0	0		Article; FAQPage; BreadcrumbList; Person; Organization	no parseable JSON-LD schema	no	no	no	no	no	yes	no	no	no			no
reset-sleep-clock	P1-claim-sensitive	guide	yes	https://simplyrest.com/reset-sleep-clock/	200	https://simplyrest.com/reset-sleep-clock/	yes	yes	https://simplyrest.com/reset-sleep-clock/	yes	0	0		Article; FAQPage; BreadcrumbList; Person; Organization	no parseable JSON-LD schema	no	no	no	no	no	no	no	yes	no			no
sleep-habits-affect-mattress-comfort	P1-claim-sensitive	guide	yes	https://simplyrest.com/sleep-habits-affect-mattress-comfort/	200	https://simplyrest.com/sleep-habits-affect-mattress-comfort/	yes	yes	https://simplyrest.com/sleep-habits-affect-mattress-comfort/	yes	0	0		Article; FAQPage; BreadcrumbList; Person; Organization	no parseable JSON-LD schema	no	no	no	no	no	yes	no	yes	no			no
sleep-health	P1-claim-sensitive	guide	yes	https://simplyrest.com/sleep-health/	200	https://simplyrest.com/sleep-health/	yes	yes	https://simplyrest.com/sleep-health/	yes	0	0		Article; FAQPage; BreadcrumbList; Person; Organization	no parseable JSON-LD schema	no	no	no	no	no	no	no	yes	no			no
sleep-schedule-consistency-and-work-week	P1-claim-sensitive	guide	yes	https://simplyrest.com/sleep-schedule-consistency-and-work-week/	200	https://simplyrest.com/sleep-schedule-consistency-and-work-week/	yes	yes	https://simplyrest.com/sleep-schedule-consistency-and-work-week/	yes	0	0		Article; FAQPage; BreadcrumbList; Person; Organization	no parseable JSON-LD schema	no	no	no	no	no	no	no	yes	no			no
stages-of-sleep	P1-claim-sensitive	guide	yes	https://simplyrest.com/stages-of-sleep/	200	https://simplyrest.com/stages-of-sleep/	yes	yes	https://simplyrest.com/stages-of-sleep/	yes	0	0		Article; FAQPage; BreadcrumbList; Person; Organization	no parseable JSON-LD schema	no	no	no	no	no	no	no	yes	no			no
technology-and-sleep	P1-claim-sensitive	guide	yes	https://simplyrest.com/technology-and-sleep/	200	https://simplyrest.com/technology-and-sleep/	yes	yes	https://simplyrest.com/technology-and-sleep/	yes	0	0		Article; FAQPage; BreadcrumbList; Person; Organization	no parseable JSON-LD schema	no	no	no	no	no	no	no	yes	no			no
trouble-sleeping	P1-claim-sensitive	guide	yes	https://simplyrest.com/trouble-sleeping/	200	https://simplyrest.com/trouble-sleeping/	yes	yes	https://simplyrest.com/trouble-sleeping/	yes	0	0		Article; FAQPage; BreadcrumbList; Person; Organization	no parseable JSON-LD schema	no	no	no	no	no	no	no	yes	no			no
twin-vs-full	P1	comparison	no	https://simplyrest.com/twin-vs-full/	200	https://simplyrest.com/twin-vs-full/	yes	yes	https://simplyrest.com/twin-vs-full/	yes	0	0		Article; FAQPage; BreadcrumbList; Person; Organization	no parseable JSON-LD schema	no	no	no	no	no	yes	no	no	no			no
twin-vs-twin-xl	P1	comparison	no	https://simplyrest.com/twin-vs-twin-xl/	200	https://simplyrest.com/twin-vs-twin-xl/	yes	yes	https://simplyrest.com/twin-vs-twin-xl/	yes	0	0		Article; FAQPage; BreadcrumbList; Person; Organization	no parseable JSON-LD schema	no	no	no	no	no	yes	no	no	no			no
twin-xl-vs-split-king	P1	comparison	no	https://simplyrest.com/twin-xl-vs-split-king/	200	https://simplyrest.com/twin-xl-vs-split-king/	yes	yes	https://simplyrest.com/twin-xl-vs-split-king/	yes	0	0		Article; FAQPage; BreadcrumbList; Person; Organization	no parseable JSON-LD schema	no	no	no	no	no	yes	no	no	no			no
whats-the-best-mattress-for-plus-size-people	P3	guide	no	https://simplyrest.com/whats-the-best-mattress-for-plus-size-people/	200	https://simplyrest.com/whats-the-best-mattress-for-plus-size-people/	yes	yes	https://simplyrest.com/whats-the-best-mattress-for-plus-size-people/	yes	0	0		Article; FAQPage; BreadcrumbList; Person; Organization	no parseable JSON-LD schema	no	no	no	no	no	yes	no	no	no	physical therapist		no
which-memory-foam-is-best	P3	guide	no	https://simplyrest.com/which-memory-foam-is-best/	200	https://simplyrest.com/which-memory-foam-is-best/	yes	yes	https://simplyrest.com/which-memory-foam-is-best/	yes	0	0		Article; FAQPage; BreadcrumbList; Person; Organization	no parseable JSON-LD schema	no	no	no	no	no	no	no	no	no			no
wyoming-king-vs-alaskan-king	P1	comparison	no	https://simplyrest.com/wyoming-king-vs-alaskan-king/	200	https://simplyrest.com/wyoming-king-vs-alaskan-king/	yes	yes	https://simplyrest.com/wyoming-king-vs-alaskan-king/	yes	0	0		Article; FAQPage; BreadcrumbList; Person; Organization	no parseable JSON-LD schema	no	no	no	no	no	yes	no	no	no			no
